,Tweet
0,"Barely any teams wanted to sign Johnny when they found out his favorite character from â€˜Friendsâ€™ isâ€¦Ross

ğŸ“º: https://t.co/DwEUgOdYYU https://t.co/iRT0jFuYtX"
1,2022-07-19 16:31:06+00:00
2,"RT @Fractal_Friends: Fractal Friend #014: Zephyr
Captain of the starry seas ğŸŒŠâœ¨
Able to turn gold into fuel for interdimensional traveling.â€¦"
3,2022-07-24 05:47:12+00:00
4,"RT @Helmie_Art: ğŸ’•I'm calling the community to play a game together! 

I have created a Relationship Chart template to visualize our favoritâ€¦"
5,2022-07-24 04:48:02+00:00
6,"RT @Fractal_Friends: Fractal Friend #014: Zephyr
Captain of the starry seas ğŸŒŠâœ¨
Able to turn gold into fuel for interdimensional traveling.â€¦"
7,2022-07-24 03:01:48+00:00
8,"RT @Funkilicous: very wholesome #fnaf story. 
My brother walked up to me while I was drawing and showed me a fnaf video of sun and moon droâ€¦"
9,2022-07-24 02:19:56+00:00
10,"RT @CalzoneStand: Gaslight, Gatekeep, Chula
Fanart of my favorite character from @EchoTheVN Leo!
If you're interested in the series, or areâ€¦"
11,2022-07-24 01:01:13+00:00
12,"Today has beenâ€¦just. A day I did not expect. (And not really in a good way.)
Dragon Age friendsâ€¦ send your favorite character/OC/art photos (smutty art also very allowed! ğŸ˜‚ğŸ˜‚) and/or just tell me about your OCs! Need happiness and distraction in a BIG way today ğŸ˜”ğŸ–¤"
13,2022-07-23 23:42:31+00:00
14,Hartley is my favorite character bc sheâ€™s lovely and someone Iâ€™d be friends with in real life
15,2022-07-23 23:31:04+00:00
16,"RT @Funkilicous: very wholesome #fnaf story. 
My brother walked up to me while I was drawing and showed me a fnaf video of sun and moon droâ€¦"
17,2022-07-23 23:17:48+00:00
18,"RT @Funkilicous: very wholesome #fnaf story. 
My brother walked up to me while I was drawing and showed me a fnaf video of sun and moon droâ€¦"
19,2022-07-23 23:09:18+00:00
20,@FevenAmbaye Sadie sinks character is a fan favorite! sheâ€™s like top 3 best characters on the show. Going THROUGH it but the strongest and bravest person. Sacrifices herself for her friends a lot. a lot of trauma lol. And 001â€¦wellâ€¦ you knowâ€¦ heâ€™s hot. ğŸ’€ but thatâ€™s all I got for him
21,2022-07-23 22:34:18+00:00
22,@duhfected All my friends say I'm just like Dustin because I'm very smart and the comic relief so very accurate also my favorite character is Dustin
23,2022-07-23 22:22:16+00:00
24,if my friends watch twd i know theyre gonna hate my favorite character ğŸ˜­
25,2022-07-23 22:16:50+00:00
26,my friends fav charavter w my favorite character (ranaya) https://t.co/jtKb5Bcxvy
27,2022-07-23 21:42:05+00:00
28,@OriginalFunko Favorite is definitely Hugsy. Legendary Friends character
29,2022-07-23 21:32:24+00:00
30,"RT @edamaria_: KEROOOOO, please tell whoâ€™s your favorite character from FRIENDS? ğŸ¥¹ğŸ¥¹ğŸ¥¹ğŸ¥¹ @KeremBursin https://t.co/tPxSbf0AuW"
31,2022-07-19 16:07:54+00:00
32,"KEROOOOO, please tell whoâ€™s your favorite character from FRIENDS? ğŸ¥¹ğŸ¥¹ğŸ¥¹ğŸ¥¹ @KeremBursin https://t.co/tPxSbf0AuW"
33,2022-07-19 16:06:09+00:00
34,"i need more #OMORI friends please 

my name is Liz or Eli and i am currently obsessed with OMORI and i need people to talk about it with. my favorite character is Basil!"
35,2022-07-19 11:49:43+00:00
36,I want that Rachel from friends hair cut cause sheâ€™s my favorite character but I really donâ€™t trust no hair stylist in Florida
37,2022-07-19 11:12:56+00:00
38,"RT @90sApeClub: You want to win 90s Ape Club NFT? ğŸ‰

It is pretty simple:

1ï¸âƒ£ Register on premint: https://t.co/PN9TPlRAV3

2ï¸âƒ£ RT + tag 3â€¦"
39,2022-07-19 10:10:35+00:00
40,"RT @bleachscans: Happy birthday to Shunsui Kyoraku! ğŸ‰ğŸ‚

BLEACH's captain turned captain commander is a fan favorite character. When Tite Kuâ€¦"
41,2022-07-19 09:59:05+00:00
42,"RT @Fractal_Friends: Fractal Friend #014: Zephyr
Captain of the starry seas ğŸŒŠâœ¨
Able to turn gold into fuel for interdimensional traveling.â€¦"
43,2022-07-19 08:14:40+00:00
44,"RT @Helmie_Art: ğŸ’•I'm calling the community to play a game together! 

I have created a Relationship Chart template to visualize our favoritâ€¦"
45,2022-07-19 06:56:02+00:00
46,"RT @Helmie_Art: ğŸ’•I'm calling the community to play a game together! 

I have created a Relationship Chart template to visualize our favoritâ€¦"
47,2022-07-19 06:53:35+00:00
48,fuck your zodiac sign who was your favorite happy tree friends character
49,2022-07-19 06:39:36+00:00
50,These babies had their 1st experience of straight out racism from big birds friends. Itâ€™s hard as an adult to experience mean hatful people so just imagine your favorite childhood character treating your 5year old self less than human because of your skin tone. #seasameplace
51,2022-07-19 04:17:48+00:00
52,"RT @Fractal_Friends: Fractal Friend #014: Zephyr
Captain of the starry seas ğŸŒŠâœ¨
Able to turn gold into fuel for interdimensional traveling.â€¦"
53,2022-07-19 01:25:31+00:00
54,"All my twitter friends and justâ€¦ everyone with bird sonas, tell me your favorite type of way to have the wings on the character! Hand wings, back wings, wings under their arms with talons at the end, etc, give me ideas! Pwease and thamk chu ^v^"
55,2022-07-19 00:37:29+00:00
56,Honestly! My friends are reading a snippet of my WIP and they keep talking about the atmosphere and worldbuilding but I just wanna know who their favorite character is https://t.co/nBR89k1moV
57,2022-07-18 23:54:16+00:00
58,How I see it: People can tell you more about their favorite tv series character/sport athlete than they can tell you about their current State/Gov representatives. Most just want to get faded and not talk about it all. Imagine talking education/knowledge with your friendsğŸ‡ºğŸ‡¸ğŸ’ªğŸ˜…ğŸŒ
59,2022-07-18 22:47:35+00:00
60,RT @Weather_Maiden: Introducing my favorite character to my friends https://t.co/7QYMho4txm
61,2022-07-18 22:30:44+00:00
62,"@HiroRwar smiling friends had my favorite deconstruction of nihilism where a character literally shouts ""nothing matters cuz we're all gonna die someday"", and then is so scared to die a literal second later that he pisses himself crying"
63,2022-07-18 19:07:21+00:00
64,getting real tired of these anemo boys with dead friends and i say that with venti as my favorite character ğŸ’€ğŸ’€
65,2022-07-18 17:37:44+00:00
66,@SayoriPlushVlog Can we be friends your my favorite character from ddlc
67,2022-07-18 17:37:09+00:00
68,"RT @Helmie_Art: ğŸ’•I'm calling the community to play a game together! 

I have created a Relationship Chart template to visualize our favoritâ€¦"
69,2022-07-18 14:22:21+00:00
70,"i didnâ€™t invent imaginary friends, but i would pretend like i was a character in my favorite fantasy worlds. i still do https://t.co/Aan0F8Bm20"
71,2022-07-18 13:51:42+00:00
72,"RT @Helmie_Art: ğŸ’•I'm calling the community to play a game together! 

I have created a Relationship Chart template to visualize our favoritâ€¦"
73,2022-07-18 13:46:28+00:00
74,"I think Pathfinder was the episode that brought me &amp; a lot of friends back. It had a fan favorite character helming the story, and it returned focus from the episodic content to the story of a ship stranded on the far side of the galaxy, decades from home."
75,2022-07-18 13:15:38+00:00
76,"RT @90sApeClub: You want to win 90s Ape Club NFT? ğŸ‰

It is pretty simple:

1ï¸âƒ£ Register on premint: https://t.co/PN9TPlRAV3

2ï¸âƒ£ RT + tag 3â€¦"
77,2022-07-18 13:07:12+00:00
78,"@myjooha Miss maâ€™am. I donâ€™t think heâ€™s a boogeyman. But thatâ€™s doesnâ€™t mean he deserves Daons heart. As I said them being friends is best for both of them. 

And I actually love Jaemin! Heâ€™s my favorite character in the story. Even though I donâ€™t ship him. I love complex characters like"
79,2022-07-18 12:08:44+00:00
80,"My favorite character in The Big Bang Theory is Howard.
In The Simpsons, that's Bart, if you consider main characters, Jessica otherwise.
In Futurama, it's Bender. 
In Malcolm, It's Hal, or Malcolm.
In Friends, it's Joey."
81,2022-07-18 10:15:38+00:00
82,"RT @Helmie_Art: ğŸ’•I'm calling the community to play a game together! 

I have created a Relationship Chart template to visualize our favoritâ€¦"
83,2022-07-18 09:48:50+00:00
84,"RT @Helmie_Art: ğŸ’•I'm calling the community to play a game together! 

I have created a Relationship Chart template to visualize our favoritâ€¦"
85,2022-07-18 09:40:08+00:00
86,"RT @Helmie_Art: ğŸ’•I'm calling the community to play a game together! 

I have created a Relationship Chart template to visualize our favoritâ€¦"
87,2022-07-18 09:37:08+00:00
88,Advise: find friends who send you NSFW fanarts of your favorite character when you have a really bad day. Send tweet.
89,2022-07-18 07:30:46+00:00
90,"RT @Fractal_Friends: Fractal Friend #014: Zephyr
Captain of the starry seas ğŸŒŠâœ¨
Able to turn gold into fuel for interdimensional traveling.â€¦"
91,2022-07-18 05:44:12+00:00
92,"Long time no post! But I got to spend the week with some friends from out of state, and we had a blast! One of the things we did was go into a Build a Bear, and decided as a group to make bears based off of a favorite character! I decided to make mine a Hop inspired bear :) https://t.co/EUaYkYuMYp"
93,2022-07-18 03:44:16+00:00
94,RT @justdev34: Who's your favorite FRIENDS character?
95,2022-07-18 03:41:05+00:00
96,Who's your favorite FRIENDS character?
97,2022-07-18 03:37:13+00:00
98,RT @masked_investor: Who was your favorite character from Friends!? #Friends
99,2022-07-18 02:08:35+00:00
100,@milkyway080 My favorite Sanrio character is Cinnamonroll because heâ€™s so cute and kind helping his loving friends. Plus he can make yummy treats and is always helpful and honest. Cinnamonroll is a precious puppy with a heart of goldğŸ¥° https://t.co/o54FY7jJrw
101,2022-07-18 01:33:50+00:00
102,"@jakedimare Blue check account asked who everyone's favorite Star Trek character to hang out with (just as friends) would be,

And twitter selected the Correct Answer."
103,2022-07-18 01:10:56+00:00
104,my favorite thing to do it is to watch a tv show with my friends and we all decide which character we relate to the most
105,2022-07-17 22:50:50+00:00
106,"RT @Helmie_Art: ğŸ’•I'm calling the community to play a game together! 

I have created a Relationship Chart template to visualize our favoritâ€¦"
107,2022-07-17 20:38:27+00:00
108,@brownandsweet7 My favorite character to play as is Game and Watch. There is just something satisfying about being good at an obscure character nobody uses and trolling your friends. ğŸ¤£ğŸ¤£
109,2022-07-17 20:36:20+00:00
110,"RT @Helmie_Art: ğŸ’•I'm calling the community to play a game together! 

I have created a Relationship Chart template to visualize our favoritâ€¦"
111,2022-07-17 18:26:55+00:00
112,"RT @Helmie_Art: ğŸ’•I'm calling the community to play a game together! 

I have created a Relationship Chart template to visualize our favoritâ€¦"
113,2022-07-17 16:44:08+00:00
114,if his favorite friends character is rossâ€¦â€¦red flag
115,2022-07-17 16:06:05+00:00
116,"RT @Helmie_Art: ğŸ’•I'm calling the community to play a game together! 

I have created a Relationship Chart template to visualize our favoritâ€¦"
117,2022-07-17 14:35:36+00:00
118,"@Nik_Keisuke Favorite arc? Character? Match? lol, I need Haikyuu friends."
119,2022-07-17 14:17:40+00:00
120,"RT @Helmie_Art: ğŸ’•I'm calling the community to play a game together! 

I have created a Relationship Chart template to visualize our favoritâ€¦"
121,2022-07-17 09:27:43+00:00
122,"RT @Helmie_Art: ğŸ’•I'm calling the community to play a game together! 

I have created a Relationship Chart template to visualize our favoritâ€¦"
123,2022-07-17 09:21:41+00:00
124,Just watched the end of stranger things season 4 and now I know why all my friends said I would love Eddie... such an epic character! Also 11 has to be one of my favorite female protagonists right up there with Ellen Ripley!
125,2022-07-17 08:21:58+00:00
126,@Nay0505 I prefer this theory tbh cuz one of my least favorite endings for things is when a character seperates from their friends and loved ones for any reason ğŸ˜©ğŸ˜© i hate that bro we spent so long getting to know them and the group dynamics and now theyre alone ğŸ˜©ğŸ˜©
127,2022-07-17 06:33:39+00:00
128,"RT @Helmie_Art: ğŸ’•I'm calling the community to play a game together! 

I have created a Relationship Chart template to visualize our favoritâ€¦"
129,2022-07-17 06:20:18+00:00
130,"RT @Helmie_Art: ğŸ’•I'm calling the community to play a game together! 

I have created a Relationship Chart template to visualize our favoritâ€¦"
131,2022-07-17 05:22:21+00:00
132,"RT @Helmie_Art: ğŸ’•I'm calling the community to play a game together! 

I have created a Relationship Chart template to visualize our favoritâ€¦"
133,2022-07-17 05:06:58+00:00
134,"RT @Helmie_Art: ğŸ’•I'm calling the community to play a game together! 

I have created a Relationship Chart template to visualize our favoritâ€¦"
135,2022-07-17 05:06:03+00:00
136,"Who is your favorite character in Armor Beast and his friends beside Destroya, All and other powerful gods. https://t.co/fKaCHYXzJM"
137,2022-07-17 04:32:39+00:00
138,"RT @yunonono3: Nakia is currently my favorite side character in Ms.Marvel and I love her vibes so much. Sassy, never afraid to speak out anâ€¦"
139,2022-07-17 03:49:09+00:00
140,RT @jadeedave: okay thats probably it tho hopefully u guys go listen to ur favorite song or play a game with ur friends and relax or somethâ€¦
141,2022-07-17 02:41:43+00:00
142,okay thats probably it tho hopefully u guys go listen to ur favorite song or play a game with ur friends and relax or something instead of being so upsetti spaghetti over a thread on stan twitter about a fictional character.
143,2022-07-17 02:40:33+00:00
144,"RT @Helmie_Art: ğŸ’•I'm calling the community to play a game together! 

I have created a Relationship Chart template to visualize our favoritâ€¦"
145,2022-07-17 01:29:32+00:00
146,"RT @Helmie_Art: ğŸ’•I'm calling the community to play a game together! 

I have created a Relationship Chart template to visualize our favoritâ€¦"
147,2022-07-16 22:58:59+00:00
148,Xinyan and Kazuha are friends is my favorite bit of character lore to come out of the new event so far https://t.co/j7GJx544Ok
149,2022-07-16 21:21:37+00:00
150,"RT @Helmie_Art: ğŸ’•I'm calling the community to play a game together! 

I have created a Relationship Chart template to visualize our favoritâ€¦"
151,2022-07-16 21:21:01+00:00
152,"RT @Helmie_Art: ğŸ’•I'm calling the community to play a game together! 

I have created a Relationship Chart template to visualize our favoritâ€¦"
153,2022-07-16 21:17:57+00:00
154,@masked_investor Damn I didnt watch Friends cuz I couldnt relate. Who was your favorite character on Martin?! #Martin
155,2022-07-16 21:15:39+00:00
156,"RT @90sApeClub: You want to win 90s Ape Club NFT? ğŸ‰

It is pretty simple:

1ï¸âƒ£ Register on premint: https://t.co/PN9TPlRAV3

2ï¸âƒ£ RT + tag 3â€¦"
157,2022-07-16 20:57:03+00:00
158,Todayâ€™s movie pick Vision Quest (85) was a favorite amongst my friends in highschool. Everyone was crushing on Linda (Clara) Fiorentino. The hot older girl that Matthew Modineâ€™s character Louden Swain fell head over heels for. Also staring Michael Schoeffling and Ronny Cox. https://t.co/Vg9Bv2Kj5f
159,2022-07-16 20:36:34+00:00
160,RT @masked_investor: Who was your favorite character from Friends!? #Friends
161,2022-07-16 20:27:22+00:00
162,Who was your favorite character from Friends!? #Friends
163,2022-07-16 20:26:48+00:00
164,"I started ignoring the taste of the few friends I got in the real world lmao. Either start hating when I like anime for something that's not action or something super complex, or upset because I just hit episode 270+ of one piece and my favorite character Robin since alabasta"
165,2022-07-16 19:59:33+00:00
166,RT @hypnodarkrai: Happy Birthday Ichigo! My favorite Bleach character who Iâ€™m glad is living a happy life and is able to smile a lot more!â€¦
167,2022-07-16 18:12:18+00:00
168,"RT @Helmie_Art: ğŸ’•I'm calling the community to play a game together! 

I have created a Relationship Chart template to visualize our favoritâ€¦"
169,2022-07-16 17:59:24+00:00
170,"RT @Helmie_Art: ğŸ’•I'm calling the community to play a game together! 

I have created a Relationship Chart template to visualize our favoritâ€¦"
171,2022-07-16 17:56:43+00:00
172,We can guess your least favorite Friends character based on your mental age!
173,2022-07-16 15:50:38+00:00
174,"#ì‚¬ë‘í•˜ëŠ”_ì±„ë ¹ì—ê²Œ #ì±„ë ¹ë²„ë¸” 
ryeongie omg your favorite friends character is rachel??? ğŸ˜¯ mine is joey!!!!! â˜ºâ¤"
175,2022-07-16 14:58:26+00:00
176,"RT @Helmie_Art: ğŸ’•I'm calling the community to play a game together! 

I have created a Relationship Chart template to visualize our favoritâ€¦"
177,2022-07-16 13:56:21+00:00
178,"RT @Helmie_Art: ğŸ’•I'm calling the community to play a game together! 

I have created a Relationship Chart template to visualize our favoritâ€¦"
179,2022-07-16 13:42:10+00:00
180,"RT @Helmie_Art: ğŸ’•I'm calling the community to play a game together! 

I have created a Relationship Chart template to visualize our favoritâ€¦"
181,2022-07-16 13:39:29+00:00
182,"RT @Helmie_Art: ğŸ’•I'm calling the community to play a game together! 

I have created a Relationship Chart template to visualize our favoritâ€¦"
183,2022-07-16 13:20:39+00:00
184,"RT @itzamahel: GM ğŸŒ enjoy your weekend, friends! 

This is an art from several years ago (2016-7). Some of you might identify a JRPG characâ€¦"
185,2022-07-16 12:52:47+00:00
186,"GM ğŸŒ enjoy your weekend, friends! 

This is an art from several years ago (2016-7). Some of you might identify a JRPG character here ğŸ¤”ğŸ’€

What are some of your favorite JRPGs?
Mine might be FFX, SMT III: Nocturne &amp; Persona 2: Innocent Sin https://t.co/w6XmAu4XJa"
187,2022-07-16 12:42:23+00:00
188,"Chaeryeong's favorite Friends character is Rachel ğŸ˜„ she's now watching Gossip Girl. 

#CHAERYEONG #ITZY_SNEAKERS #ITZY_CHECKMATE #ITZY @ITZYofficial"
189,2022-07-16 12:34:12+00:00
190,"RT @Helmie_Art: ğŸ’•I'm calling the community to play a game together! 

I have created a Relationship Chart template to visualize our favoritâ€¦"
191,2022-07-16 12:22:49+00:00
192,RT @hypnodarkrai: Happy Birthday Ichigo! My favorite Bleach character who Iâ€™m glad is living a happy life and is able to smile a lot more!â€¦
193,2022-07-16 11:25:53+00:00
194,"One of favorite character archetypes is the himbo friend who always means well, tries their best to support their friends, and has a heart of gold, thatâ€™s why Joey Wheeler is my favorite Yu-Gi-Oh! character. Although Seto Kaiba will always have a special place in my heart https://t.co/o5mYBQaKuL"
195,2022-07-16 11:07:47+00:00
196,"RT @jared_macarin: One of my favorite parts of writing is coming up with character names. I've used friends, family and plenty of authors tâ€¦"
197,2022-07-16 11:01:22+00:00
198,"@BanyaLaplace only know Persona 4 or Persona 5. I'm happy them coming to steam means more friends will play 3 though!! I wish they released an updated FES with FEMC but that's just me :,) Oh oh!! Who's your favorite Devil Survivor character if you don't mind me asking?"
199,2022-07-16 08:58:57+00:00
200,"RT @Helmie_Art: ğŸ’•I'm calling the community to play a game together! 

I have created a Relationship Chart template to visualize our favoritâ€¦"
201,2022-07-16 08:40:23+00:00
202,"RT @90sApeClub: You want to win 90s Ape Club NFT? ğŸ‰

It is pretty simple:

1ï¸âƒ£ Register on premint: https://t.co/PN9TPlRAV3

2ï¸âƒ£ RT + tag 3â€¦"
203,2022-07-16 08:03:10+00:00
204,"RT @Helmie_Art: ğŸ’•I'm calling the community to play a game together! 

I have created a Relationship Chart template to visualize our favoritâ€¦"
205,2022-07-16 07:53:37+00:00
206,"RT @Helmie_Art: ğŸ’•I'm calling the community to play a game together! 

I have created a Relationship Chart template to visualize our favoritâ€¦"
207,2022-07-16 07:51:11+00:00
208,"RT @Helmie_Art: ğŸ’•I'm calling the community to play a game together! 

I have created a Relationship Chart template to visualize our favoritâ€¦"
209,2022-07-16 07:21:50+00:00
210,"Hi, I'm D.M./Dae/Darling, and I write erotic romance of many...many kinds. My favorite side character I have written is probably one I haven't even written yet but have plans for in my WIP. The FMC and her become best friends while they're both in a dark sex society/cult. https://t.co/KX7qbpYoEU"
211,2022-07-16 06:43:57+00:00
212,"@KottkrigArt one of my favorite story beats for my own character was encountering a guy who hated his guts from the start, and he just had to deal with it. it took a year or so and a lot of work, but they're friends now."
213,2022-07-16 06:41:12+00:00
214,"RT @Helmie_Art: ğŸ’•I'm calling the community to play a game together! 

I have created a Relationship Chart template to visualize our favoritâ€¦"
215,2022-07-16 06:07:40+00:00
216,friends! when reading ur favorite comic character whoâ€™s voice do you hear?
217,2022-07-16 03:10:12+00:00
218,RT @hypnodarkrai: Happy Birthday Ichigo! My favorite Bleach character who Iâ€™m glad is living a happy life and is able to smile a lot more!â€¦
219,2022-07-16 02:12:36+00:00
220,"I really love pokemon, and l loved PKMN Moon. One of my favorite characters being Hau. So l decided to draw my Haunter and his Decidieye being buddies. 
My character always saw Hau as a little brother, so she was happy Haunter and Decidueye were friends. https://t.co/I1TVURs1v6"
221,2022-07-16 01:54:38+00:00
222,"RT @90sApeClub: You want to win 90s Ape Club NFT? ğŸ‰

It is pretty simple:

1ï¸âƒ£ Register on premint: https://t.co/PN9TPlRAV3

2ï¸âƒ£ RT + tag 3â€¦"
223,2022-07-16 00:42:46+00:00
224,RT @hypnodarkrai: Happy Birthday Ichigo! My favorite Bleach character who Iâ€™m glad is living a happy life and is able to smile a lot more!â€¦
225,2022-07-16 00:22:40+00:00
226,RT @hypnodarkrai: Happy Birthday Ichigo! My favorite Bleach character who Iâ€™m glad is living a happy life and is able to smile a lot more!â€¦
227,2022-07-15 23:55:15+00:00
228,"RT @Helmie_Art: ğŸ’•I'm calling the community to play a game together! 

I have created a Relationship Chart template to visualize our favoritâ€¦"
229,2022-07-15 22:35:03+00:00
230,"RT @90sApeClub: You want to win 90s Ape Club NFT? ğŸ‰

It is pretty simple:

1ï¸âƒ£ Register on premint: https://t.co/PN9TPlRAV3

2ï¸âƒ£ RT + tag 3â€¦"
231,2022-07-15 21:50:41+00:00
232,"RT @90sApeClub: You want to win 90s Ape Club NFT? ğŸ‰

It is pretty simple:

1ï¸âƒ£ Register on premint: https://t.co/PN9TPlRAV3

2ï¸âƒ£ RT + tag 3â€¦"
233,2022-07-15 21:42:00+00:00
234,"RT @90sApeClub: You want to win 90s Ape Club NFT? ğŸ‰

It is pretty simple:

1ï¸âƒ£ Register on premint: https://t.co/PN9TPlRAV3

2ï¸âƒ£ RT + tag 3â€¦"
235,2022-07-15 21:30:09+00:00
236,"It kinda pisses me off when people talk shit about things you like, like we're watching the Winter Soldier (my friends favorite movie) and I'm just reading Carol &amp; Wanda friends fic and my friend says ""I don't like her (carol). I just don't like her character"""
237,2022-07-15 21:22:39+00:00
238,RT @hypnodarkrai: Happy Birthday Ichigo! My favorite Bleach character who Iâ€™m glad is living a happy life and is able to smile a lot more!â€¦
239,2022-07-15 21:00:23+00:00
240,"RT @90sApeClub: You want to win 90s Ape Club NFT? ğŸ‰

It is pretty simple:

1ï¸âƒ£ Register on premint: https://t.co/PN9TPlRAV3

2ï¸âƒ£ RT + tag 3â€¦"
241,2022-07-15 20:49:25+00:00
242,"RT @90sApeClub: You want to win 90s Ape Club NFT? ğŸ‰

It is pretty simple:

1ï¸âƒ£ Register on premint: https://t.co/PN9TPlRAV3

2ï¸âƒ£ RT + tag 3â€¦"
243,2022-07-15 20:47:53+00:00
244,"RT @90sApeClub: You want to win 90s Ape Club NFT? ğŸ‰

It is pretty simple:

1ï¸âƒ£ Register on premint: https://t.co/PN9TPlRAV3

2ï¸âƒ£ RT + tag 3â€¦"
245,2022-07-15 20:37:21+00:00
246,"RT @90sApeClub: You want to win 90s Ape Club NFT? ğŸ‰

It is pretty simple:

1ï¸âƒ£ Register on premint: https://t.co/PN9TPlRAV3

2ï¸âƒ£ RT + tag 3â€¦"
247,2022-07-15 20:36:36+00:00
248,"RT @90sApeClub: You want to win 90s Ape Club NFT? ğŸ‰

It is pretty simple:

1ï¸âƒ£ Register on premint: https://t.co/PN9TPlRAV3

2ï¸âƒ£ RT + tag 3â€¦"
249,2022-07-15 20:30:42+00:00
250,"RT @Helmie_Art: ğŸ’•I'm calling the community to play a game together! 

I have created a Relationship Chart template to visualize our favoritâ€¦"
251,2022-07-15 20:28:55+00:00
252,"RT @90sApeClub: You want to win 90s Ape Club NFT? ğŸ‰

It is pretty simple:

1ï¸âƒ£ Register on premint: https://t.co/PN9TPlRAV3

2ï¸âƒ£ RT + tag 3â€¦"
253,2022-07-15 20:26:33+00:00
254,RT @hypnodarkrai: Happy Birthday Ichigo! My favorite Bleach character who Iâ€™m glad is living a happy life and is able to smile a lot more!â€¦
255,2022-07-15 20:16:06+00:00
256,"RT @90sApeClub: You want to win 90s Ape Club NFT? ğŸ‰

It is pretty simple:

1ï¸âƒ£ Register on premint: https://t.co/PN9TPlRAV3

2ï¸âƒ£ RT + tag 3â€¦"
257,2022-07-15 20:09:34+00:00
258,"RT @90sApeClub: You want to win 90s Ape Club NFT? ğŸ‰

It is pretty simple:

1ï¸âƒ£ Register on premint: https://t.co/PN9TPlRAV3

2ï¸âƒ£ RT + tag 3â€¦"
259,2022-07-15 20:00:36+00:00
260,"RT @90sApeClub: You want to win 90s Ape Club NFT? ğŸ‰

It is pretty simple:

1ï¸âƒ£ Register on premint: https://t.co/PN9TPlRAV3

2ï¸âƒ£ RT + tag 3â€¦"
261,2022-07-15 20:00:27+00:00
262,"RT @90sApeClub: You want to win 90s Ape Club NFT? ğŸ‰

It is pretty simple:

1ï¸âƒ£ Register on premint: https://t.co/PN9TPlRAV3

2ï¸âƒ£ RT + tag 3â€¦"
263,2022-07-15 19:59:57+00:00
264,"RT @90sApeClub: You want to win 90s Ape Club NFT? ğŸ‰

It is pretty simple:

1ï¸âƒ£ Register on premint: https://t.co/PN9TPlRAV3

2ï¸âƒ£ RT + tag 3â€¦"
265,2022-07-15 19:58:32+00:00
266,"RT @90sApeClub: You want to win 90s Ape Club NFT? ğŸ‰

It is pretty simple:

1ï¸âƒ£ Register on premint: https://t.co/PN9TPlRAV3

2ï¸âƒ£ RT + tag 3â€¦"
267,2022-07-15 19:56:27+00:00
268,"RT @90sApeClub: You want to win 90s Ape Club NFT? ğŸ‰

It is pretty simple:

1ï¸âƒ£ Register on premint: https://t.co/PN9TPlRAV3

2ï¸âƒ£ RT + tag 3â€¦"
269,2022-07-15 19:55:45+00:00
270,"RT @90sApeClub: You want to win 90s Ape Club NFT? ğŸ‰

It is pretty simple:

1ï¸âƒ£ Register on premint: https://t.co/PN9TPlRAV3

2ï¸âƒ£ RT + tag 3â€¦"
271,2022-07-15 19:51:10+00:00
272,"RT @90sApeClub: You want to win 90s Ape Club NFT? ğŸ‰

It is pretty simple:

1ï¸âƒ£ Register on premint: https://t.co/PN9TPlRAV3

2ï¸âƒ£ RT + tag 3â€¦"
273,2022-07-15 19:50:05+00:00
274,"RT @90sApeClub: You want to win 90s Ape Club NFT? ğŸ‰

It is pretty simple:

1ï¸âƒ£ Register on premint: https://t.co/PN9TPlRAV3

2ï¸âƒ£ RT + tag 3â€¦"
275,2022-07-15 19:49:53+00:00
276,"RT @90sApeClub: You want to win 90s Ape Club NFT? ğŸ‰

It is pretty simple:

1ï¸âƒ£ Register on premint: https://t.co/PN9TPlRAV3

2ï¸âƒ£ RT + tag 3â€¦"
277,2022-07-15 19:47:35+00:00
278,"RT @90sApeClub: You want to win 90s Ape Club NFT? ğŸ‰

It is pretty simple:

1ï¸âƒ£ Register on premint: https://t.co/PN9TPlRAV3

2ï¸âƒ£ RT + tag 3â€¦"
279,2022-07-15 19:45:19+00:00
280,"RT @90sApeClub: You want to win 90s Ape Club NFT? ğŸ‰

It is pretty simple:

1ï¸âƒ£ Register on premint: https://t.co/PN9TPlRAV3

2ï¸âƒ£ RT + tag 3â€¦"
281,2022-07-15 19:44:40+00:00
282,"RT @90sApeClub: You want to win 90s Ape Club NFT? ğŸ‰

It is pretty simple:

1ï¸âƒ£ Register on premint: https://t.co/PN9TPlRAV3

2ï¸âƒ£ RT + tag 3â€¦"
283,2022-07-15 19:43:22+00:00
284,"RT @90sApeClub: You want to win 90s Ape Club NFT? ğŸ‰

It is pretty simple:

1ï¸âƒ£ Register on premint: https://t.co/PN9TPlRAV3

2ï¸âƒ£ RT + tag 3â€¦"
285,2022-07-15 19:41:08+00:00
286,"RT @90sApeClub: You want to win 90s Ape Club NFT? ğŸ‰

It is pretty simple:

1ï¸âƒ£ Register on premint: https://t.co/PN9TPlRAV3

2ï¸âƒ£ RT + tag 3â€¦"
287,2022-07-15 19:40:57+00:00
288,"RT @90sApeClub: You want to win 90s Ape Club NFT? ğŸ‰

It is pretty simple:

1ï¸âƒ£ Register on premint: https://t.co/PN9TPlRAV3

2ï¸âƒ£ RT + tag 3â€¦"
289,2022-07-15 19:38:50+00:00
290,"RT @90sApeClub: You want to win 90s Ape Club NFT? ğŸ‰

It is pretty simple:

1ï¸âƒ£ Register on premint: https://t.co/PN9TPlRAV3

2ï¸âƒ£ RT + tag 3â€¦"
291,2022-07-15 19:38:25+00:00
292,"RT @90sApeClub: You want to win 90s Ape Club NFT? ğŸ‰

It is pretty simple:

1ï¸âƒ£ Register on premint: https://t.co/PN9TPlRAV3

2ï¸âƒ£ RT + tag 3â€¦"
293,2022-07-15 19:37:52+00:00
294,"RT @90sApeClub: You want to win 90s Ape Club NFT? ğŸ‰

It is pretty simple:

1ï¸âƒ£ Register on premint: https://t.co/PN9TPlRAV3

2ï¸âƒ£ RT + tag 3â€¦"
295,2022-07-15 19:37:30+00:00
296,"RT @90sApeClub: You want to win 90s Ape Club NFT? ğŸ‰

It is pretty simple:

1ï¸âƒ£ Register on premint: https://t.co/PN9TPlRAV3

2ï¸âƒ£ RT + tag 3â€¦"
297,2022-07-15 19:35:03+00:00
298,"RT @90sApeClub: You want to win 90s Ape Club NFT? ğŸ‰

It is pretty simple:

1ï¸âƒ£ Register on premint: https://t.co/PN9TPlRAV3

2ï¸âƒ£ RT + tag 3â€¦"
299,2022-07-15 19:34:43+00:00
300,"RT @90sApeClub: You want to win 90s Ape Club NFT? ğŸ‰

It is pretty simple:

1ï¸âƒ£ Register on premint: https://t.co/PN9TPlRAV3

2ï¸âƒ£ RT + tag 3â€¦"
301,2022-07-15 19:34:19+00:00
302,"RT @90sApeClub: You want to win 90s Ape Club NFT? ğŸ‰

It is pretty simple:

1ï¸âƒ£ Register on premint: https://t.co/PN9TPlRAV3

2ï¸âƒ£ RT + tag 3â€¦"
303,2022-07-15 19:34:05+00:00
304,"RT @90sApeClub: You want to win 90s Ape Club NFT? ğŸ‰

It is pretty simple:

1ï¸âƒ£ Register on premint: https://t.co/PN9TPlRAV3

2ï¸âƒ£ RT + tag 3â€¦"
305,2022-07-15 19:33:01+00:00
306,"RT @90sApeClub: You want to win 90s Ape Club NFT? ğŸ‰

It is pretty simple:

1ï¸âƒ£ Register on premint: https://t.co/PN9TPlRAV3

2ï¸âƒ£ RT + tag 3â€¦"
307,2022-07-15 19:32:43+00:00
308,"RT @90sApeClub: You want to win 90s Ape Club NFT? ğŸ‰

It is pretty simple:

1ï¸âƒ£ Register on premint: https://t.co/PN9TPlRAV3

2ï¸âƒ£ RT + tag 3â€¦"
309,2022-07-15 19:31:29+00:00
310,"RT @90sApeClub: You want to win 90s Ape Club NFT? ğŸ‰

It is pretty simple:

1ï¸âƒ£ Register on premint: https://t.co/PN9TPlRAV3

2ï¸âƒ£ RT + tag 3â€¦"
311,2022-07-15 19:31:21+00:00
312,"RT @90sApeClub: You want to win 90s Ape Club NFT? ğŸ‰

It is pretty simple:

1ï¸âƒ£ Register on premint: https://t.co/PN9TPlRAV3

2ï¸âƒ£ RT + tag 3â€¦"
313,2022-07-15 19:31:19+00:00
314,"RT @90sApeClub: You want to win 90s Ape Club NFT? ğŸ‰

It is pretty simple:

1ï¸âƒ£ Register on premint: https://t.co/PN9TPlRAV3

2ï¸âƒ£ RT + tag 3â€¦"
315,2022-07-15 19:22:52+00:00
316,"RT @90sApeClub: You want to win 90s Ape Club NFT? ğŸ‰

It is pretty simple:

1ï¸âƒ£ Register on premint: https://t.co/PN9TPlRAV3

2ï¸âƒ£ RT + tag 3â€¦"
317,2022-07-15 19:16:50+00:00
318,"RT @90sApeClub: You want to win 90s Ape Club NFT? ğŸ‰

It is pretty simple:

1ï¸âƒ£ Register on premint: https://t.co/PN9TPlRAV3

2ï¸âƒ£ RT + tag 3â€¦"
319,2022-07-15 18:22:45+00:00
320,"RT @90sApeClub: You want to win 90s Ape Club NFT? ğŸ‰

It is pretty simple:

1ï¸âƒ£ Register on premint: https://t.co/PN9TPlRAV3

2ï¸âƒ£ RT + tag 3â€¦"
321,2022-07-15 18:20:45+00:00
322,"RT @90sApeClub: You want to win 90s Ape Club NFT? ğŸ‰

It is pretty simple:

1ï¸âƒ£ Register on premint: https://t.co/PN9TPlRAV3

2ï¸âƒ£ RT + tag 3â€¦"
323,2022-07-15 18:02:30+00:00
324,RT @hypnodarkrai: Happy Birthday Ichigo! My favorite Bleach character who Iâ€™m glad is living a happy life and is able to smile a lot more!â€¦
325,2022-07-15 17:45:17+00:00
326,"Luz: Fully bought in, the characters are all her friends, loves to scream and clutch onto whoever closest, after the movies over she either wallows about her favorite character didnâ€™t deserve to die or rates how datable the monster was."
327,2022-07-15 17:38:46+00:00
328,"RT @90sApeClub: You want to win 90s Ape Club NFT? ğŸ‰

It is pretty simple:

1ï¸âƒ£ Register on premint: https://t.co/PN9TPlRAV3

2ï¸âƒ£ RT + tag 3â€¦"
329,2022-07-15 17:25:12+00:00
330,"RT @Helmie_Art: ğŸ’•I'm calling the community to play a game together! 

I have created a Relationship Chart template to visualize our favoritâ€¦"
331,2022-07-15 17:24:32+00:00
332,"RT @hey_alma: Plus, she also mentions which (Jewish) character of hers she'd be friends with in real life! https://t.co/mi7yawVR69"
333,2022-07-15 16:43:29+00:00
334,"Plus, she also mentions which (Jewish) character of hers she'd be friends with in real life! https://t.co/mi7yawVR69"
335,2022-07-15 16:40:00+00:00
336,"RT @90sApeClub: You want to win 90s Ape Club NFT? ğŸ‰

It is pretty simple:

1ï¸âƒ£ Register on premint: https://t.co/PN9TPlRAV3

2ï¸âƒ£ RT + tag 3â€¦"
337,2022-07-15 16:18:47+00:00
338,"RT @90sApeClub: You want to win 90s Ape Club NFT? ğŸ‰

It is pretty simple:

1ï¸âƒ£ Register on premint: https://t.co/PN9TPlRAV3

2ï¸âƒ£ RT + tag 3â€¦"
339,2022-07-15 16:17:09+00:00
340,RT @hypnodarkrai: Happy Birthday Ichigo! My favorite Bleach character who Iâ€™m glad is living a happy life and is able to smile a lot more!â€¦
341,2022-07-15 16:16:23+00:00
342,"RT @ToF_EN_Official: Be yourself or anyone else! In ToF, you can fully customize your character, from clothing options to head size, the châ€¦"
343,2022-07-15 16:07:50+00:00
344,"RT @90sApeClub: You want to win 90s Ape Club NFT? ğŸ‰

It is pretty simple:

1ï¸âƒ£ Register on premint: https://t.co/PN9TPlRAV3

2ï¸âƒ£ RT + tag 3â€¦"
345,2022-07-15 16:07:01+00:00
346,"One of my favorite parts of writing is coming up with character names. I've used friends, family and plenty of authors that have inspired me: @VinceFlynncom @KyleMillsAuthor @BradThor @RyanSteckAuthor. I also used @ThatKevinSmith. Who else wants in?  #thrillers #amwriting"
347,2022-07-15 15:51:51+00:00
348,RT @hypnodarkrai: Happy Birthday Ichigo! My favorite Bleach character who Iâ€™m glad is living a happy life and is able to smile a lot more!â€¦
349,2022-07-15 15:26:06+00:00
350,"RT @90sApeClub: You want to win 90s Ape Club NFT? ğŸ‰

It is pretty simple:

1ï¸âƒ£ Register on premint: https://t.co/PN9TPlRAV3

2ï¸âƒ£ RT + tag 3â€¦"
351,2022-07-15 14:58:01+00:00
352,RT @hypnodarkrai: Happy Birthday Ichigo! My favorite Bleach character who Iâ€™m glad is living a happy life and is able to smile a lot more!â€¦
353,2022-07-15 14:54:04+00:00
354,"RT @evilsirenart: Nanami Kento ä¸ƒæµ·å»ºäºº from Jujutsu Kaisen.

I tried to make this drawing as good as possible, because it's my friends (@/Leafâ€¦"
355,2022-07-15 14:28:41+00:00
356,"RT @Helmie_Art: ğŸ’•I'm calling the community to play a game together! 

I have created a Relationship Chart template to visualize our favoritâ€¦"
357,2022-07-15 14:25:51+00:00
358,"RT @Helmie_Art: ğŸ’•I'm calling the community to play a game together! 

I have created a Relationship Chart template to visualize our favoritâ€¦"
359,2022-07-15 14:17:53+00:00
360,"More of my favorite Friends character. Oh, and open carry is legal in Ohio."
361,2022-07-15 14:10:19+00:00
362,"@uson_adrian I'm glad that Mirishita will add friendsğŸ˜ğŸ˜âœ¨âœ¨

I will give you a friend ID when I start Miricita soonğŸ¥°ğŸ¥°âœ¨âœ¨

I'm excited about who my favorite character will be!!ğŸ˜ğŸ˜âœ¨âœ¨"
363,2022-07-15 14:00:41+00:00
364,RT @hypnodarkrai: Happy Birthday Ichigo! My favorite Bleach character who Iâ€™m glad is living a happy life and is able to smile a lot more!â€¦
365,2022-07-15 13:49:23+00:00
366,"RT @90sApeClub: You want to win 90s Ape Club NFT? ğŸ‰

It is pretty simple:

1ï¸âƒ£ Register on premint: https://t.co/PN9TPlRAV3

2ï¸âƒ£ RT + tag 3â€¦"
367,2022-07-15 13:44:23+00:00
368,RT @GemmaBabbler: Me to noob friends as he braves LWS3: so youâ€™re going to know my favorite character in the game the moment you see themâ€¦
369,2022-07-15 13:39:22+00:00
370,"RT @90sApeClub: You want to win 90s Ape Club NFT? ğŸ‰

It is pretty simple:

1ï¸âƒ£ Register on premint: https://t.co/PN9TPlRAV3

2ï¸âƒ£ RT + tag 3â€¦"
371,2022-07-15 13:38:55+00:00
372,"RT @90sApeClub: You want to win 90s Ape Club NFT? ğŸ‰

It is pretty simple:

1ï¸âƒ£ Register on premint: https://t.co/PN9TPlRAV3

2ï¸âƒ£ RT + tag 3â€¦"
373,2022-07-15 13:26:03+00:00
374,"RT @Helmie_Art: ğŸ’•I'm calling the community to play a game together! 

I have created a Relationship Chart template to visualize our favoritâ€¦"
375,2022-07-15 13:08:02+00:00
376,RT @hypnodarkrai: Happy Birthday Ichigo! My favorite Bleach character who Iâ€™m glad is living a happy life and is able to smile a lot more!â€¦
377,2022-07-15 12:59:46+00:00
378,"RT @90sApeClub: You want to win 90s Ape Club NFT? ğŸ‰

It is pretty simple:

1ï¸âƒ£ Register on premint: https://t.co/PN9TPlRAV3

2ï¸âƒ£ RT + tag 3â€¦"
379,2022-07-15 12:51:31+00:00
380,"RT @90sApeClub: You want to win 90s Ape Club NFT? ğŸ‰

It is pretty simple:

1ï¸âƒ£ Register on premint: https://t.co/PN9TPlRAV3

2ï¸âƒ£ RT + tag 3â€¦"
381,2022-07-15 12:47:40+00:00
382,"RT @90sApeClub: You want to win 90s Ape Club NFT? ğŸ‰

It is pretty simple:

1ï¸âƒ£ Register on premint: https://t.co/PN9TPlRAV3

2ï¸âƒ£ RT + tag 3â€¦"
383,2022-07-15 12:42:07+00:00
384,"RT @90sApeClub: You want to win 90s Ape Club NFT? ğŸ‰

It is pretty simple:

1ï¸âƒ£ Register on premint: https://t.co/PN9TPlRAV3

2ï¸âƒ£ RT + tag 3â€¦"
385,2022-07-15 12:25:46+00:00
386,"RT @90sApeClub: You want to win 90s Ape Club NFT? ğŸ‰

It is pretty simple:

1ï¸âƒ£ Register on premint: https://t.co/PN9TPlRAV3

2ï¸âƒ£ RT + tag 3â€¦"
387,2022-07-15 12:17:25+00:00
388,"RT @90sApeClub: You want to win 90s Ape Club NFT? ğŸ‰

It is pretty simple:

1ï¸âƒ£ Register on premint: https://t.co/PN9TPlRAV3

2ï¸âƒ£ RT + tag 3â€¦"
389,2022-07-15 12:14:56+00:00
390,"RT @90sApeClub: You want to win 90s Ape Club NFT? ğŸ‰

It is pretty simple:

1ï¸âƒ£ Register on premint: https://t.co/PN9TPlRAV3

2ï¸âƒ£ RT + tag 3â€¦"
391,2022-07-15 12:13:01+00:00
392,"RT @90sApeClub: You want to win 90s Ape Club NFT? ğŸ‰

It is pretty simple:

1ï¸âƒ£ Register on premint: https://t.co/PN9TPlRAV3

2ï¸âƒ£ RT + tag 3â€¦"
393,2022-07-15 12:12:36+00:00
394,"RT @90sApeClub: You want to win 90s Ape Club NFT? ğŸ‰

It is pretty simple:

1ï¸âƒ£ Register on premint: https://t.co/PN9TPlRAV3

2ï¸âƒ£ RT + tag 3â€¦"
395,2022-07-15 12:10:47+00:00
396,"RT @90sApeClub: You want to win 90s Ape Club NFT? ğŸ‰

It is pretty simple:

1ï¸âƒ£ Register on premint: https://t.co/PN9TPlRAV3

2ï¸âƒ£ RT + tag 3â€¦"
397,2022-07-15 12:10:33+00:00
398,"RT @90sApeClub: You want to win 90s Ape Club NFT? ğŸ‰

It is pretty simple:

1ï¸âƒ£ Register on premint: https://t.co/PN9TPlRAV3

2ï¸âƒ£ RT + tag 3â€¦"
399,2022-07-15 12:10:18+00:00
400,"RT @90sApeClub: You want to win 90s Ape Club NFT? ğŸ‰

It is pretty simple:

1ï¸âƒ£ Register on premint: https://t.co/PN9TPlRAV3

2ï¸âƒ£ RT + tag 3â€¦"
401,2022-07-15 12:10:14+00:00
402,"RT @90sApeClub: You want to win 90s Ape Club NFT? ğŸ‰

It is pretty simple:

1ï¸âƒ£ Register on premint: https://t.co/PN9TPlRAV3

2ï¸âƒ£ RT + tag 3â€¦"
403,2022-07-15 12:09:23+00:00
404,"RT @90sApeClub: You want to win 90s Ape Club NFT? ğŸ‰

It is pretty simple:

1ï¸âƒ£ Register on premint: https://t.co/PN9TPlRAV3

2ï¸âƒ£ RT + tag 3â€¦"
405,2022-07-15 12:09:22+00:00
406,"RT @90sApeClub: You want to win 90s Ape Club NFT? ğŸ‰

It is pretty simple:

1ï¸âƒ£ Register on premint: https://t.co/PN9TPlRAV3

2ï¸âƒ£ RT + tag 3â€¦"
407,2022-07-15 12:08:59+00:00
408,"You want to win 90s Ape Club NFT? ğŸ‰

It is pretty simple:

1ï¸âƒ£ Register on premint: https://t.co/PN9TPlRAV3

2ï¸âƒ£ RT + tag 3 friends ğŸ‰

3ï¸âƒ£ Comment the name of your favorite 90s celebrity/fictional character ğŸ¦

#90sAC #FREENFT #NFTGiveaway #ApesTogetherStrong https://t.co/gjLmDl3vn6"
409,2022-07-15 12:07:28+00:00
410,"RT @Helmie_Art: ğŸ’•I'm calling the community to play a game together! 

I have created a Relationship Chart template to visualize our favoritâ€¦"
411,2022-07-15 12:00:02+00:00
412,RT @hypnodarkrai: Happy Birthday Ichigo! My favorite Bleach character who Iâ€™m glad is living a happy life and is able to smile a lot more!â€¦
413,2022-07-15 11:45:11+00:00
414,RT @hypnodarkrai: Happy Birthday Ichigo! My favorite Bleach character who Iâ€™m glad is living a happy life and is able to smile a lot more!â€¦
415,2022-07-15 10:40:50+00:00
416,"@Teagy7 I mean why do y'all lie with no plan? Sam Winchester is your favorite character for the duration of your tweet? Because there's no evidence of that on your tl. But here you are, manufacturing outrage against Jared just like all of your deancas friends. It's the hypocrisy for me. https://t.co/gKMqD2Vvfe"
417,2022-07-15 10:30:28+00:00
418,"RT @Helmie_Art: ğŸ’•I'm calling the community to play a game together! 

I have created a Relationship Chart template to visualize our favoritâ€¦"
419,2022-07-15 08:51:14+00:00
420,"Me to noob friends as he braves LWS3: so youâ€™re going to know my favorite character in the game the moment you see them 

Him upon discovering them: itâ€™s Aurene isnâ€™t it. 

Me: https://t.co/3oe9fyKOBA"
421,2022-07-15 08:44:07+00:00
422,RT @hypnodarkrai: Happy Birthday Ichigo! My favorite Bleach character who Iâ€™m glad is living a happy life and is able to smile a lot more!â€¦
423,2022-07-15 07:23:28+00:00
424,"My favorite characters in FFXIV are well known to my friends, but I will tell you now that my favorite character in WoW is Garrosh Hellscream. Like my other favs, he does not give a single fuck. https://t.co/bDEr9VfTz8"
425,2022-07-15 06:52:56+00:00
426,@NhlanhlaDhlam10 @Thulani16V You mean this character assassination tactics by your favorite Mr #PhalaPhala and his thug friends
427,2022-07-15 06:34:29+00:00
428,RT @hypnodarkrai: Happy Birthday Ichigo! My favorite Bleach character who Iâ€™m glad is living a happy life and is able to smile a lot more!â€¦
429,2022-07-15 06:22:55+00:00
430,RT @hypnodarkrai: Happy Birthday Ichigo! My favorite Bleach character who Iâ€™m glad is living a happy life and is able to smile a lot more!â€¦
431,2022-07-15 06:17:29+00:00
432,"RT @Helmie_Art: ğŸ’•I'm calling the community to play a game together! 

I have created a Relationship Chart template to visualize our favoritâ€¦"
433,2022-07-15 06:14:18+00:00
434,"RT @Helmie_Art: ğŸ’•I'm calling the community to play a game together! 

I have created a Relationship Chart template to visualize our favoritâ€¦"
435,2022-07-15 06:04:38+00:00
436,RT @hypnodarkrai: Happy Birthday Ichigo! My favorite Bleach character who Iâ€™m glad is living a happy life and is able to smile a lot more!â€¦
437,2022-07-15 05:50:35+00:00
438,"RT @sorana_xxxx: Friends recommend me to come back into #GBVS after a 2 year absenceğŸ˜†

I'm practicing and I'll play it in my stream, as Virâ€¦"
439,2022-07-15 05:39:19+00:00
440,"RT @Helmie_Art: ğŸ’•I'm calling the community to play a game together! 

I have created a Relationship Chart template to visualize our favoritâ€¦"
441,2022-07-15 05:35:17+00:00
442,"RT @Helmie_Art: ğŸ’•I'm calling the community to play a game together! 

I have created a Relationship Chart template to visualize our favoritâ€¦"
443,2022-07-15 05:32:35+00:00
444,"RT @Helmie_Art: ğŸ’•I'm calling the community to play a game together! 

I have created a Relationship Chart template to visualize our favoritâ€¦"
445,2022-07-15 05:31:49+00:00
446,"RT @NASCAR_924: Who's Your Favorite Thomas And Friends Character? 

James Is My Favorite https://t.co/Y3fjuoe0kT"
447,2022-07-15 05:13:06+00:00
448,"Probably my favorite of the Marvel D+ shows now. It feels so full of character and visual creativity. I love Kamala so much, as well as her family and friends. I love all the Muslim and Pakistan focus, great rep for people who often donâ€™t get that. https://t.co/VvFtoXLDar"
449,2022-07-15 04:45:00+00:00
450,RT @hypnodarkrai: Happy Birthday Ichigo! My favorite Bleach character who Iâ€™m glad is living a happy life and is able to smile a lot more!â€¦
451,2022-07-15 04:29:13+00:00
452,"RT @Helmie_Art: ğŸ’•I'm calling the community to play a game together! 

I have created a Relationship Chart template to visualize our favoritâ€¦"
453,2022-07-15 04:26:23+00:00
454,RT @hypnodarkrai: Happy Birthday Ichigo! My favorite Bleach character who Iâ€™m glad is living a happy life and is able to smile a lot more!â€¦
455,2022-07-15 04:17:49+00:00
456,RT @hypnodarkrai: Happy Birthday Ichigo! My favorite Bleach character who Iâ€™m glad is living a happy life and is able to smile a lot more!â€¦
457,2022-07-15 04:15:55+00:00
458,RT @hypnodarkrai: Happy Birthday Ichigo! My favorite Bleach character who Iâ€™m glad is living a happy life and is able to smile a lot more!â€¦
459,2022-07-15 04:13:35+00:00
460,"Happy Birthday Ichigo! My favorite Bleach character who Iâ€™m glad is living a happy life and is able to smile a lot more! I hope you have a great day with your family and friends! 
#Bleach #HappyBirthdayIchigo #é»’å´ä¸€è­·ç”Ÿèª•ç¥­2022 https://t.co/1lpr32VESQ"
461,2022-07-15 04:13:29+00:00
462,Loveless by Alice Oseman was definitely one of my favorite reads this year! Been begging my friends to read it. I love the highlight in the importance of friendships and valuing those as much as any romantic relationship. Sunil was probably my favorite character https://t.co/L2XTahkxLn
463,2022-07-15 04:05:36+00:00
464,"RT @Helmie_Art: ğŸ’•I'm calling the community to play a game together! 

I have created a Relationship Chart template to visualize our favoritâ€¦"
465,2022-07-15 03:25:19+00:00
466,"RT @Helmie_Art: ğŸ’•I'm calling the community to play a game together! 

I have created a Relationship Chart template to visualize our favoritâ€¦"
467,2022-07-15 03:17:49+00:00
468,"Alice is favorite character material. Up there with Shane and Kit. ğŸ˜­ğŸ˜­ğŸ˜­ She is so pure and so good to all of her friends. In fact, it's a 3-way-tie with those three.
Also...that bitch Tonya needs to die. I will fight her. That cat did nothing wrong.

#TheLWord 
#AlicePieskecki https://t.co/AupE4RvqAz"
469,2022-07-15 03:15:52+00:00
470,I have a favorite game I like to play w one of my friends called â€œhow many beersâ€ where I send him some character whoâ€™s fucked up and ask how beers would it take to sleep w them
471,2022-07-15 03:05:23+00:00
472,"RT @Helmie_Art: ğŸ’•I'm calling the community to play a game together! 

I have created a Relationship Chart template to visualize our favoritâ€¦"
473,2022-07-15 02:10:13+00:00
474,"RT @Helmie_Art: ğŸ’•I'm calling the community to play a game together! 

I have created a Relationship Chart template to visualize our favoritâ€¦"
475,2022-07-15 02:07:02+00:00
476,"RT @Helmie_Art: ğŸ’•I'm calling the community to play a game together! 

I have created a Relationship Chart template to visualize our favoritâ€¦"
477,2022-07-15 01:52:39+00:00
478,"RT @Helmie_Art: ğŸ’•I'm calling the community to play a game together! 

I have created a Relationship Chart template to visualize our favoritâ€¦"
479,2022-07-15 01:51:37+00:00
480,"RT @Helmie_Art: ğŸ’•I'm calling the community to play a game together! 

I have created a Relationship Chart template to visualize our favoritâ€¦"
481,2022-07-15 00:36:17+00:00
482,"RT @Helmie_Art: ğŸ’•I'm calling the community to play a game together! 

I have created a Relationship Chart template to visualize our favoritâ€¦"
483,2022-07-15 00:15:17+00:00
484,"RT @Helmie_Art: ğŸ’•I'm calling the community to play a game together! 

I have created a Relationship Chart template to visualize our favoritâ€¦"
485,2022-07-15 00:11:10+00:00
486,"RT @Helmie_Art: ğŸ’•I'm calling the community to play a game together! 

I have created a Relationship Chart template to visualize our favoritâ€¦"
487,2022-07-15 00:08:24+00:00
488,"RT @Helmie_Art: ğŸ’•I'm calling the community to play a game together! 

I have created a Relationship Chart template to visualize our favoritâ€¦"
489,2022-07-14 23:58:34+00:00
490,"RT @Helmie_Art: ğŸ’•I'm calling the community to play a game together! 

I have created a Relationship Chart template to visualize our favoritâ€¦"
491,2022-07-14 23:57:29+00:00
492,"RT @Helmie_Art: ğŸ’•I'm calling the community to play a game together! 

I have created a Relationship Chart template to visualize our favoritâ€¦"
493,2022-07-14 23:51:45+00:00
494,"RT @Helmie_Art: ğŸ’•I'm calling the community to play a game together! 

I have created a Relationship Chart template to visualize our favoritâ€¦"
495,2022-07-14 23:51:40+00:00
496,"RT @Helmie_Art: ğŸ’•I'm calling the community to play a game together! 

I have created a Relationship Chart template to visualize our favoritâ€¦"
497,2022-07-14 23:49:26+00:00
498,I hope it was fun to look throughout my collection! I always have fun setting it up to share and display all together like this !! ğŸ¥ºğŸ’•ğŸ’• crow has been my favorite character for almost 7 years now ğŸ˜­heâ€™s helped me a lot with expressing myself &amp; making friends with all of you!! https://t.co/bamXtRYnid
499,2022-07-14 23:49:20+00:00
500,"RT @Helmie_Art: ğŸ’•I'm calling the community to play a game together! 

I have created a Relationship Chart template to visualize our favoritâ€¦"
501,2022-07-14 23:46:13+00:00
502,"RT @Helmie_Art: ğŸ’•I'm calling the community to play a game together! 

I have created a Relationship Chart template to visualize our favoritâ€¦"
503,2022-07-14 23:43:09+00:00
504,"RT @Helmie_Art: ğŸ’•I'm calling the community to play a game together! 

I have created a Relationship Chart template to visualize our favoritâ€¦"
505,2022-07-14 23:37:12+00:00
506,"RT @Helmie_Art: ğŸ’•I'm calling the community to play a game together! 

I have created a Relationship Chart template to visualize our favoritâ€¦"
507,2022-07-14 23:29:02+00:00
508,"RT @Helmie_Art: ğŸ’•I'm calling the community to play a game together! 

I have created a Relationship Chart template to visualize our favoritâ€¦"
509,2022-07-14 23:26:24+00:00
510,"RT @Leavittman1: I drew my new favorite character from #theOwlHouse, The Collector. I love them so much, they is my newest son! I imagine aâ€¦"
511,2022-07-14 23:00:19+00:00
512,"RT @Helmie_Art: ğŸ’•I'm calling the community to play a game together! 

I have created a Relationship Chart template to visualize our favoritâ€¦"
513,2022-07-14 22:27:46+00:00
514,"I drew my new favorite character from #theOwlHouse, The Collector. I love them so much, they is my newest son! I imagine after a bit, they and King are gonna be good friends! (before going Spinel from the Steven Universe Movie of course.) I can tell we're gonna have fun with them https://t.co/zjPoTGbHdf"
515,2022-07-14 22:21:52+00:00
516,"RT @Helmie_Art: ğŸ’•I'm calling the community to play a game together! 

I have created a Relationship Chart template to visualize our favoritâ€¦"
517,2022-07-14 22:02:37+00:00
518,"RT @Helmie_Art: ğŸ’•I'm calling the community to play a game together! 

I have created a Relationship Chart template to visualize our favoritâ€¦"
519,2022-07-14 21:53:29+00:00
520,"RT @CRlMSONMASK: â € 
â € 
|| can we please start respecting other peoples muses/comfort characters, especially if your friends. It can reallyâ€¦"
521,2022-07-14 21:50:09+00:00
522,"RT @Helmie_Art: ğŸ’•I'm calling the community to play a game together! 

I have created a Relationship Chart template to visualize our favoritâ€¦"
523,2022-07-14 21:43:07+00:00
524,do you think your favorite fictional character of all time would you like you or want to be friends with you
525,2022-07-14 21:27:32+00:00
526,"RT @Helmie_Art: ğŸ’•I'm calling the community to play a game together! 

I have created a Relationship Chart template to visualize our favoritâ€¦"
527,2022-07-14 20:58:48+00:00
528,"RT @Helmie_Art: ğŸ’•I'm calling the community to play a game together! 

I have created a Relationship Chart template to visualize our favoritâ€¦"
529,2022-07-14 20:44:09+00:00
530,"RT @Helmie_Art: ğŸ’•I'm calling the community to play a game together! 

I have created a Relationship Chart template to visualize our favoritâ€¦"
531,2022-07-14 20:39:39+00:00
532,"RT @Helmie_Art: ğŸ’•I'm calling the community to play a game together! 

I have created a Relationship Chart template to visualize our favoritâ€¦"
533,2022-07-14 20:38:18+00:00
534,"RT @Helmie_Art: ğŸ’•I'm calling the community to play a game together! 

I have created a Relationship Chart template to visualize our favoritâ€¦"
535,2022-07-14 20:31:19+00:00
536,"RT @DreamweaverIt: Playing with friends! :)
I have Darth Vader! My favorite Star Wars character! :D
We didn't play long but I'm thankful. :â€¦"
537,2022-07-14 20:30:12+00:00
538,"Playing with friends! :)
I have Darth Vader! My favorite Star Wars character! :D
We didn't play long but I'm thankful. :3 #Fortnite #NintendoSwitch #gaming #games https://t.co/6EGR1XKAI8"
539,2022-07-14 20:30:07+00:00
540,"RT @Helmie_Art: ğŸ’•I'm calling the community to play a game together! 

I have created a Relationship Chart template to visualize our favoritâ€¦"
541,2022-07-14 20:21:32+00:00
542,"RT @Helmie_Art: ğŸ’•I'm calling the community to play a game together! 

I have created a Relationship Chart template to visualize our favoritâ€¦"
543,2022-07-14 20:17:09+00:00
544,"Despite being the second movie, this is the first Toy Story I watched. Woody immediately became my favorite character. His loyalty to Andy and his friends was inspirational. 

I do have a question: why Andyâ€™s Mom wasnâ€™t suspicious when Jessie and Bullseye joined the gang? ğŸ¤” https://t.co/VQrBZCtlGf"
545,2022-07-14 20:03:15+00:00
546,"My least favorite thing in cartoons/movies are character misunderstandings

I donâ€™t just mean like the â€œbreakupâ€ scene thatâ€™s in every kids movie. Like when characters are underestimated or they do something misinterpreted by their friends, etc

It makes rewatches so annoying"
547,2022-07-14 19:59:25+00:00
548,"RT @Helmie_Art: ğŸ’•I'm calling the community to play a game together! 

I have created a Relationship Chart template to visualize our favoritâ€¦"
549,2022-07-14 19:57:24+00:00
550,"RT @Helmie_Art: ğŸ’•I'm calling the community to play a game together! 

I have created a Relationship Chart template to visualize our favoritâ€¦"
551,2022-07-14 19:55:06+00:00
552,"RT @Helmie_Art: ğŸ’•I'm calling the community to play a game together! 

I have created a Relationship Chart template to visualize our favoritâ€¦"
553,2022-07-14 19:38:50+00:00
554,"RT @Helmie_Art: ğŸ’•I'm calling the community to play a game together! 

I have created a Relationship Chart template to visualize our favoritâ€¦"
555,2022-07-14 19:36:29+00:00
556,"RT @Helmie_Art: ğŸ’•I'm calling the community to play a game together! 

I have created a Relationship Chart template to visualize our favoritâ€¦"
557,2022-07-14 19:35:34+00:00
558,"RT @Helmie_Art: ğŸ’•I'm calling the community to play a game together! 

I have created a Relationship Chart template to visualize our favoritâ€¦"
559,2022-07-14 19:35:12+00:00
560,"RT @Helmie_Art: ğŸ’•I'm calling the community to play a game together! 

I have created a Relationship Chart template to visualize our favoritâ€¦"
561,2022-07-14 19:34:45+00:00
562,"RT @Helmie_Art: ğŸ’•I'm calling the community to play a game together! 

I have created a Relationship Chart template to visualize our favoritâ€¦"
563,2022-07-14 19:26:20+00:00
564,"RT @Helmie_Art: ğŸ’•I'm calling the community to play a game together! 

I have created a Relationship Chart template to visualize our favoritâ€¦"
565,2022-07-14 19:24:31+00:00
566,"RT @Helmie_Art: ğŸ’•I'm calling the community to play a game together! 

I have created a Relationship Chart template to visualize our favoritâ€¦"
567,2022-07-14 18:44:09+00:00
568,"RT @Helmie_Art: ğŸ’•I'm calling the community to play a game together! 

I have created a Relationship Chart template to visualize our favoritâ€¦"
569,2022-07-14 18:42:02+00:00
570,"RT @Helmie_Art: ğŸ’•I'm calling the community to play a game together! 

I have created a Relationship Chart template to visualize our favoritâ€¦"
571,2022-07-14 18:40:25+00:00
572,"RT @Helmie_Art: ğŸ’•I'm calling the community to play a game together! 

I have created a Relationship Chart template to visualize our favoritâ€¦"
573,2022-07-14 18:30:19+00:00
574,"RT @Helmie_Art: ğŸ’•I'm calling the community to play a game together! 

I have created a Relationship Chart template to visualize our favoritâ€¦"
575,2022-07-14 18:16:23+00:00
576,"RT @Helmie_Art: ğŸ’•I'm calling the community to play a game together! 

I have created a Relationship Chart template to visualize our favoritâ€¦"
577,2022-07-14 18:13:23+00:00
578,"RT @Helmie_Art: ğŸ’•I'm calling the community to play a game together! 

I have created a Relationship Chart template to visualize our favoritâ€¦"
579,2022-07-14 17:58:50+00:00
580,"RT @Helmie_Art: ğŸ’•I'm calling the community to play a game together! 

I have created a Relationship Chart template to visualize our favoritâ€¦"
581,2022-07-14 17:57:54+00:00
582,"RT @Helmie_Art: ğŸ’•I'm calling the community to play a game together! 

I have created a Relationship Chart template to visualize our favoritâ€¦"
583,2022-07-14 17:53:25+00:00
584,"RT @Helmie_Art: ğŸ’•I'm calling the community to play a game together! 

I have created a Relationship Chart template to visualize our favoritâ€¦"
585,2022-07-14 17:43:08+00:00
586,"RT @Helmie_Art: ğŸ’•I'm calling the community to play a game together! 

I have created a Relationship Chart template to visualize our favoritâ€¦"
587,2022-07-14 17:42:55+00:00
588,"RT @Helmie_Art: ğŸ’•I'm calling the community to play a game together! 

I have created a Relationship Chart template to visualize our favoritâ€¦"
589,2022-07-14 17:41:29+00:00
590,"RT @Helmie_Art: ğŸ’•I'm calling the community to play a game together! 

I have created a Relationship Chart template to visualize our favoritâ€¦"
591,2022-07-14 17:39:06+00:00
592,"RT @Helmie_Art: ğŸ’•I'm calling the community to play a game together! 

I have created a Relationship Chart template to visualize our favoritâ€¦"
593,2022-07-14 17:39:03+00:00
594,"RT @Helmie_Art: ğŸ’•I'm calling the community to play a game together! 

I have created a Relationship Chart template to visualize our favoritâ€¦"
595,2022-07-14 17:36:59+00:00
596,"The Sanrio character of the hour is Still Small Tales!

A kind, timid child made of snow. Good friends with snow fairy, the mini snowman. Loves taking walks in the fluffy snow. The red muffler is its favorite!
âœ¨https://t.co/1xJ71fS3ol https://t.co/SU3xB0Q4KZ"
597,2022-07-14 17:31:32+00:00
598,"RT @Helmie_Art: ğŸ’•I'm calling the community to play a game together! 

I have created a Relationship Chart template to visualize our favoritâ€¦"
599,2022-07-14 17:31:19+00:00
600,"RT @Helmie_Art: ğŸ’•I'm calling the community to play a game together! 

I have created a Relationship Chart template to visualize our favoritâ€¦"
601,2022-07-14 17:31:02+00:00
602,"RT @Helmie_Art: ğŸ’•I'm calling the community to play a game together! 

I have created a Relationship Chart template to visualize our favoritâ€¦"
603,2022-07-14 17:27:39+00:00
604,"RT @AvatarTyler: Hey, my friends @TixeeTV and @Stevenator210 are streaming. Be like me and have them pulled open in different tabs and suppâ€¦"
605,2022-07-14 17:26:42+00:00
606,"RT @Helmie_Art: ğŸ’•I'm calling the community to play a game together! 

I have created a Relationship Chart template to visualize our favoritâ€¦"
607,2022-07-14 17:25:29+00:00
608,"RT @AvatarTyler: Hey, my friends @TixeeTV and @Stevenator210 are streaming. Be like me and have them pulled open in different tabs and suppâ€¦"
609,2022-07-14 17:24:12+00:00
610,"RT @Helmie_Art: ğŸ’•I'm calling the community to play a game together! 

I have created a Relationship Chart template to visualize our favoritâ€¦"
611,2022-07-14 17:16:20+00:00
612,"Hey, my friends @TixeeTV and @Stevenator210 are streaming. Be like me and have them pulled open in different tabs and support both at the same time or else your favorite anime character will die &gt;:(

https://t.co/UELw14VBww
https://t.co/kHZzAK3EYn"
613,2022-07-14 17:14:16+00:00
614,Iâ€™m in the Razer Kraken BT - Hello Kitty and Friends Ed . Listening to Ayesha Eroticaâ€™s Nasty . Feeling like a shit ton of bricks because I read a fic with major character death (it was my favorite character) (it was a really good Fic)
615,2022-07-14 17:09:12+00:00
616,"RT @Helmie_Art: ğŸ’•I'm calling the community to play a game together! 

I have created a Relationship Chart template to visualize our favoritâ€¦"
617,2022-07-14 17:08:17+00:00
618,who's your favorite friends' character?
619,2022-07-14 16:41:11+00:00
620,"RT @Helmie_Art: ğŸ’•I'm calling the community to play a game together! 

I have created a Relationship Chart template to visualize our favoritâ€¦"
621,2022-07-14 16:35:40+00:00
622,"RT @Helmie_Art: ğŸ’•I'm calling the community to play a game together! 

I have created a Relationship Chart template to visualize our favoritâ€¦"
623,2022-07-14 15:53:58+00:00
624,"RT @Helmie_Art: ğŸ’•I'm calling the community to play a game together! 

I have created a Relationship Chart template to visualize our favoritâ€¦"
625,2022-07-14 15:53:02+00:00
626,"RT @Helmie_Art: ğŸ’•I'm calling the community to play a game together! 

I have created a Relationship Chart template to visualize our favoritâ€¦"
627,2022-07-14 15:48:28+00:00
628,"RT @Helmie_Art: ğŸ’•I'm calling the community to play a game together! 

I have created a Relationship Chart template to visualize our favoritâ€¦"
629,2022-07-14 14:36:01+00:00
630,"RT @Helmie_Art: ğŸ’•I'm calling the community to play a game together! 

I have created a Relationship Chart template to visualize our favoritâ€¦"
631,2022-07-14 13:37:09+00:00
632,"RT @Helmie_Art: ğŸ’•I'm calling the community to play a game together! 

I have created a Relationship Chart template to visualize our favoritâ€¦"
633,2022-07-14 13:31:59+00:00
634,"RT @Helmie_Art: ğŸ’•I'm calling the community to play a game together! 

I have created a Relationship Chart template to visualize our favoritâ€¦"
635,2022-07-14 13:13:14+00:00
636,@ssefnum Who's your favorite Friends character?
637,2022-07-14 13:10:41+00:00
638,"RT @Helmie_Art: ğŸ’•I'm calling the community to play a game together! 

I have created a Relationship Chart template to visualize our favoritâ€¦"
639,2022-07-14 11:27:42+00:00
640,@born2burn__ I never thought I'd simp for hashirama and here I am now simping for the first hokage. He's my friends favorite character and I never noticed how handsome hashirama is until I met my new friend at momo con this year. Not to mention hashi is my new comfort character.
641,2022-07-14 10:23:42+00:00
642,"RT @Helmie_Art: ğŸ’•I'm calling the community to play a game together! 

I have created a Relationship Chart template to visualize our favoritâ€¦"
643,2022-07-14 10:18:52+00:00
644,"RT @Helmie_Art: ğŸ’•I'm calling the community to play a game together! 

I have created a Relationship Chart template to visualize our favoritâ€¦"
645,2022-07-14 09:46:47+00:00
646,"RT @Helmie_Art: ğŸ’•I'm calling the community to play a game together! 

I have created a Relationship Chart template to visualize our favoritâ€¦"
647,2022-07-14 09:43:57+00:00
648,"RT @thedaevastator: A very happy birthday to @rclark98 !!

The character you've played in #RDR2 is one of my favorite characters of all timâ€¦"
649,2022-07-14 09:36:21+00:00
650,"RT @Helmie_Art: ğŸ’•I'm calling the community to play a game together! 

I have created a Relationship Chart template to visualize our favoritâ€¦"
651,2022-07-14 09:10:51+00:00
652,"RT @Helmie_Art: ğŸ’•I'm calling the community to play a game together! 

I have created a Relationship Chart template to visualize our favoritâ€¦"
653,2022-07-14 08:53:54+00:00
654,"@The_ExtraRare Not a dude, but Penelope's my current favorite character of yours. Wondered if there are there any other friends you've drawn in her world?"
655,2022-07-14 06:26:55+00:00
656,i was like 8 when I saw the phantom of the opera and he fr was mad annoying in that movie. Phantom character gmt but it was my friends favorite movie n I had a crush on her so I was like okâ€¦I guess this lame brooding nigga could sing
657,2022-07-14 06:26:12+00:00
658,I just made the most perfect &amp; impressive french braid I've ever done and nobody will see it because it is a privilegeâ€ and for serving as a Christmas present and itâ€™s probably my favorite Friends character.
659,2022-07-14 06:10:15+00:00
